{"cameraMode":{"drawMode":0,"name":"Shaded","section":"Shading Mode"},"sceneLighting":false,"audioPlay":false,"sceneViewState":{"m_AlwaysRefresh":false,"showFog":true,"showSkybox":false,"showFlares":true,"showImageEffects":true,"showParticleSystems":true,"showVisualEffectGraphs":true,"m_FxEnabled":true},"in2DMode":false,"pivot":{"x":49.683807373046878,"y":67.9400405883789,"z":3.5369343757629396},"rotation":{"x":0.05768793821334839,"y":0.12931278347969056,"z":-0.007536714896559715,"w":0.9899137020111084},"size":0.5182347893714905,"orthographic":false}