{"cameraMode":{"drawMode":0,"name":"Shaded","section":"Shading Mode"},"sceneLighting":false,"audioPlay":false,"sceneViewState":{"m_AlwaysRefresh":false,"showFog":true,"showSkybox":false,"showFlares":true,"showImageEffects":true,"showParticleSystems":true,"showVisualEffectGraphs":true,"m_FxEnabled":true},"in2DMode":false,"pivot":{"x":-8.384431838989258,"y":-3.0828800201416017,"z":12.029369354248047},"rotation":{"x":-0.24076630175113679,"y":-0.16014710068702699,"z":0.040315039455890658,"w":-0.9564353227615356},"size":41.92780303955078,"orthographic":false}