{"cameraMode":{"drawMode":0,"name":"Shaded","section":"Shading Mode"},"sceneLighting":false,"audioPlay":false,"sceneViewState":{"m_AlwaysRefresh":false,"showFog":true,"showSkybox":false,"showFlares":true,"showImageEffects":true,"showParticleSystems":true,"showVisualEffectGraphs":true,"m_FxEnabled":true},"in2DMode":false,"pivot":{"x":-56.85247802734375,"y":9.65263843536377,"z":-187.20858764648438},"rotation":{"x":0.01956011913716793,"y":0.15800169110298158,"z":-0.0031305004376918079,"w":0.9872578978538513},"size":4.430974960327148,"orthographic":false}